species,trophic_level,Lmax,K,tm,habitat_dummy,site,mu,lower95,upper95,nutrient
Acanthurus leucosternon,-1.600869558,-0.19196493,1.916017592,-1.627242991,0,M1,41.71307197,8.249152027,96.35907793,Ca
Acanthurus nigrofuscus,-1.600869558,-1.136426539,1.217471247,-2.293909657,0,M1,80.93394467,17.98755948,185.9055255,Ca
Aprion virescens,0.699130442,0.537549895,-0.312459521,-0.007013657,0,M1,22.09653925,9.327973086,39.61582536,Ca
Cephalopholis argus,0.559130442,-0.086604414,0.826359181,-1.093909657,0,M1,31.43894104,17.3896633,48.99540659,Ca
Cephalopholis leopardus,0.409130442,-1.002895146,0.826359181,-1.093909657,0,M1,48.68521387,24.48001804,82.88167395,Ca
Lethrinus harak,-0.000869558,-0.268925971,0.877124556,-2.774136657,0,M1,44.97355134,18.74391742,82.48211093,Ca
Lutjanus bohar,0.699130442,0.318860694,-0.743242467,2.948736343,0,M1,24.82132759,7.476101887,54.27535125,Ca
Lutjanus gibbus,0.499130442,-0.268925971,0.737362611,-2.564836657,0,M1,40.99397024,17.26603148,79.47140087,Ca
Scarus caudofasciatus,-1.548726701,-0.268925971,1.351576479,-1.293909657,0,M1,47.41035929,15.48894544,91.75934685,Ca
Scarus frenatus,-1.600869558,-0.330801375,1.559342648,-1.293909657,0,M1,46.66927057,13.04553582,97.60337271,Ca
Scarus niger,-1.600869558,-0.492069523,1.347128168,-1.293909657,0,M1,52.85994693,16.18766315,104.3712449,Ca
Scarus prasiognathos,-1.548726701,0.067546265,1.351576479,-1.293909657,0,M1,41.13636702,12.58495311,79.8688606,Ca
Scarus scaber,-1.600869558,-0.570031064,1.46732375,-1.293909657,0,M1,53.40317768,16.33098213,109.4769617,Ca
Scarus tricolor,-1.600869558,-0.900037761,1.351576479,-1.293909657,0,M1,63.45501095,17.09020653,128.6239597,Ca
Siganus stellatus,-0.900869558,-0.492069523,1.842412452,-2.793909657,0,M1,47.79385036,15.51027668,97.62178969,Ca
Thalassoma hebraicum,-0.100869558,-1.045454761,1.520121935,-3.293909657,0,M1,57.90899936,17.35173879,132.1575897,Ca
Leptoscarus vaigiensis,-1.300869558,-0.625600915,0.898630741,-2.793909657,0,M1,68.39051103,24.76396858,152.1381623,Ca
Parupeneus barberinus,-0.200869558,-0.086604414,0.161998424,-1.022278657,0,M1,42.98019901,25.09520568,64.73949669,Ca
Parupeneus macronemus,-0.100869558,-0.492069523,2.059118436,-2.809623943,0,M1,38.5611443,9.050121478,79.19723215,Ca
Scarus ghobban,-1.600869558,0.318860694,0.514219045,-2.293909657,0,M1,48.83312976,18.32414331,96.0503623,Ca
Scarus rubroviolaceus,-1.600869558,0.067546265,-0.118303514,-0.393909657,0,M1,53.82421464,18.05793544,104.2709148,Ca
Siganus argenteus,-0.970869444,-0.492069523,0.960506147,-2.793909657,0,M1,59.71958135,23.94421655,122.0147139,Ca
Lethrinus nebulosus,0.199130442,0.284959142,-0.00707789,-0.855634657,0,M1,34.29805697,20.05173074,51.10879015,Ca
Acanthurus lineatus,-0.755415013,-0.543362817,1.296978367,-3.224922657,0,M1,55.76972775,15.34422507,113.7919324,Ca
Acanthurus tennentii,-1.600869558,-0.746961772,1.339807386,-1.627242991,0,M1,61.21793549,18.35533804,123.4048788,Ca
Siganus sutor,-1.600869558,-0.374286487,1.383811174,-2.793909657,0,M1,57.87413391,16.80320132,120.9478277,Ca
Cheilinus fasciatus,-0.230869558,-0.492069523,1.055816327,-1.114364203,0,M1,42.74279341,23.97251093,66.27713005,Ca
Lethrinus mahsena,-0.200869558,-0.006561707,-0.648931755,2.183145343,0,M1,36.48160086,13.04342783,72.428812,Ca
Epinephelus merra,0.779130442,-0.746961772,0.737362596,-0.427242991,0,M1,39.12787174,22.94679961,64.44391626,Ca
Naso elegans,-1.600869558,-0.374286487,0.656965659,1.206090343,0,M1,46.04072511,12.77611239,106.9510804,Ca
Scarus falcipinnis,-1.600869558,-0.086604414,1.351576479,-1.293909657,0,M1,44.24402512,14.07987353,88.03614909,Ca
Scarus globiceps,-1.600869558,-0.885112111,1.351576479,-1.293909657,0,M1,62.95145084,17.96511172,127.6379744,Ca
Lethrinus lentjan,0.299130442,-0.229705258,1.282589644,-3.254263657,0,M1,39.98907828,13.93023104,80.98784335,Ca
Acanthurus triostegus,-0.800869558,-0.885112111,1.653653328,-3.519397757,0,M1,62.54346764,21.14981859,146.1388249,Ca
Cephalopholis miniata,0.699130442,-0.268925971,-0.553621585,1.806090343,0,M1,34.7504422,14.60628408,62.2330371,Ca
Cephalopholis urodeta,0.419130442,-0.848744466,1.982957075,-1.093909657,0,M1,35.22653408,7.088580532,70.09008924,Ca
Epinephelus coeruleopunctatus,0.569130442,0.149784364,0.101771037,-0.427242991,0,M1,31.65632703,18.34058234,45.36225781,Ca
Scarus viridifucatus,-1.600869558,-0.374286487,1.351576479,-1.293909657,0,M1,50.28882368,15.82021931,99.83827807,Ca
Epinephelus hexagonatus,0.449130442,-0.866762972,1.559342648,-0.427242991,0,M1,36.25942479,12.66459954,67.04020182,Ca
Lethrinus olivaceus,0.399130442,0.424221209,0.267358967,-1.746127657,0,M1,31.61247825,16.08441522,51.66794508,Ca
Lutjanus kasmira,0.299130442,-0.492069523,0.102484309,-0.986639657,0,M1,47.4089371,26.6084019,78.5304644,Ca
Lethrinus enigmaticus,0.229130366,-0.173615791,-0.250155645,0.024840343,0,M1,40.81087772,24.84860728,64.03816608,Ca
Lethrinus rubrioperculatus,0.199130442,-0.268925971,0.139525591,-1.048335657,0,M1,43.32253625,24.59646899,66.21660768,Ca
Diagramma pictum,0.099130442,0.424221209,0.243066286,-1.564780657,0,M1,33.16393839,17.62487338,51.14615033,Ca
Acanthurus leucosternon,-1.600869558,-0.19196493,1.916017592,-1.627242991,1,M1,42.19100823,6.793508267,95.95976108,Ca
Acanthurus nigrofuscus,-1.600869558,-1.136426539,1.217471247,-2.293909657,1,M1,80.5754317,24.85459956,190.2316651,Ca
Aprion virescens,0.699130442,0.537549895,-0.312459521,-0.007013657,1,M1,22.42380977,8.064543717,38.2222796,Ca
Cephalopholis argus,0.559130442,-0.086604414,0.826359181,-1.093909657,1,M1,31.65208207,18.74605207,50.33865125,Ca
Cephalopholis leopardus,0.409130442,-1.002895146,0.826359181,-1.093909657,1,M1,48.95733213,25.89703592,84.8856093,Ca
Lethrinus harak,-0.000869558,-0.268925971,0.877124556,-2.774136657,1,M1,44.55379653,21.21967766,84.53121245,Ca
Lutjanus bohar,0.699130442,0.318860694,-0.743242467,2.948736343,1,M1,24.96270954,7.740810121,53.9025027,Ca
Lutjanus gibbus,0.499130442,-0.268925971,0.737362611,-2.564836657,1,M1,40.49086816,18.68162476,77.81786683,Ca
Scarus caudofasciatus,-1.548726701,-0.268925971,1.351576479,-1.293909657,1,M1,47.37353877,15.29407275,95.14076192,Ca
Scarus frenatus,-1.600869558,-0.330801375,1.559342648,-1.293909657,1,M1,47.22767452,13.42098382,98.67023928,Ca
Scarus niger,-1.600869558,-0.492069523,1.347128168,-1.293909657,1,M1,52.96779507,20.0154201,107.5431836,Ca
Scarus prasiognathos,-1.548726701,0.067546265,1.351576479,-1.293909657,1,M1,40.81812747,12.54202517,82.5208397,Ca
Scarus scaber,-1.600869558,-0.570031064,1.46732375,-1.293909657,1,M1,53.37992145,16.90036697,111.3583305,Ca
Scarus tricolor,-1.600869558,-0.900037761,1.351576479,-1.293909657,1,M1,63.22860883,15.43566464,130.276243,Ca
Siganus stellatus,-0.900869558,-0.492069523,1.842412452,-2.793909657,1,M1,47.51572874,13.89644795,96.25497905,Ca
Thalassoma hebraicum,-0.100869558,-1.045454761,1.520121935,-3.293909657,1,M1,58.38345226,20.78871453,135.9694801,Ca
Leptoscarus vaigiensis,-1.300869558,-0.625600915,0.898630741,-2.793909657,1,M1,67.84633544,20.00548064,142.7045395,Ca
Parupeneus barberinus,-0.200869558,-0.086604414,0.161998424,-1.022278657,1,M1,42.60174182,26.63800088,65.89101364,Ca
Parupeneus macronemus,-0.100869558,-0.492069523,2.059118436,-2.809623943,1,M1,38.11317157,10.9562528,79.53546017,Ca
Scarus ghobban,-1.600869558,0.318860694,0.514219045,-2.293909657,1,M1,49.45664966,17.52191753,96.52341978,Ca
Scarus rubroviolaceus,-1.600869558,0.067546265,-0.118303514,-0.393909657,1,M1,53.33617706,19.52085598,102.7225697,Ca
Siganus argenteus,-0.970869444,-0.492069523,0.960506147,-2.793909657,1,M1,59.09369817,19.99422233,116.8600497,Ca
Lethrinus nebulosus,0.199130442,0.284959142,-0.00707789,-0.855634657,1,M1,34.12018675,21.6559221,52.7609281,Ca
Acanthurus lineatus,-0.755415013,-0.543362817,1.296978367,-3.224922657,1,M1,56.01038159,20.48801643,119.0145425,Ca
Acanthurus tennentii,-1.600869558,-0.746961772,1.339807386,-1.627242991,1,M1,60.83653152,20.80000307,127.4814983,Ca
Siganus sutor,-1.600869558,-0.374286487,1.383811174,-2.793909657,1,M1,57.77787488,19.35525361,124.5224361,Ca
Cheilinus fasciatus,-0.230869558,-0.492069523,1.055816327,-1.114364203,1,M1,42.13005101,22.56505581,66.3736078,Ca
Lethrinus mahsena,-0.200869558,-0.006561707,-0.648931755,2.183145343,1,M1,37.00862329,13.85891861,70.76060755,Ca
Epinephelus merra,0.779130442,-0.746961772,0.737362596,-0.427242991,1,M1,38.47793594,21.28141975,63.40006308,Ca
Naso elegans,-1.600869558,-0.374286487,0.656965659,1.206090343,1,M1,46.86684356,10.05137892,104.4120179,Ca
Scarus falcipinnis,-1.600869558,-0.086604414,1.351576479,-1.293909657,1,M1,44.2920446,13.60446571,89.25423809,Ca
Scarus globiceps,-1.600869558,-0.885112111,1.351576479,-1.293909657,1,M1,62.69852968,20.160475,133.9818977,Ca
Lethrinus lentjan,0.299130442,-0.229705258,1.282589644,-3.254263657,1,M1,39.45342796,14.86698567,81.91189903,Ca
Acanthurus triostegus,-0.800869558,-0.885112111,1.653653328,-3.519397757,1,M1,63.30378496,19.89285743,149.2151294,Ca
Cephalopholis miniata,0.699130442,-0.268925971,-0.553621585,1.806090343,1,M1,34.49497274,15.88117537,62.30302512,Ca
Cephalopholis urodeta,0.419130442,-0.848744466,1.982957075,-1.093909657,1,M1,34.81665639,6.775530264,72.2458234,Ca
Epinephelus coeruleopunctatus,0.569130442,0.149784364,0.101771037,-0.427242991,1,M1,31.40749808,20.18484215,48.44396917,Ca
Scarus viridifucatus,-1.600869558,-0.374286487,1.351576479,-1.293909657,1,M1,50.12534645,16.1965647,100.4889579,Ca
Epinephelus hexagonatus,0.449130442,-0.866762972,1.559342648,-0.427242991,1,M1,35.75400255,13.38581615,70.00546159,Ca
Lethrinus olivaceus,0.399130442,0.424221209,0.267358967,-1.746127657,1,M1,31.55390923,15.7518235,52.41020417,Ca
Lutjanus kasmira,0.299130442,-0.492069523,0.102484309,-0.986639657,1,M1,46.83030044,26.64395877,77.1051181,Ca
Lethrinus enigmaticus,0.229130366,-0.173615791,-0.250155645,0.024840343,1,M1,40.46475011,23.98870366,62.05419232,Ca
Lethrinus rubrioperculatus,0.199130442,-0.268925971,0.139525591,-1.048335657,1,M1,42.80610742,26.45544481,68.02902915,Ca
Diagramma pictum,0.099130442,0.424221209,0.243066286,-1.564780657,1,M1,32.98568507,17.11196916,51.2018003,Ca
Acanthurus leucosternon,-1.815523805,-0.166094692,1.589851523,-1.163640575,0,M1,0.659656481,0.388833329,1.077536676,Fe
Acanthurus nigrofuscus,-1.815523805,-1.110556301,0.891305178,-1.830307242,0,M1,0.633195211,0.375689273,0.93703879,Fe
Aprion virescens,0.484476195,0.563420133,-0.63862559,0.456588758,0,M1,0.585755471,0.366724899,0.779579075,Fe
Cephalopholis argus,0.344476195,-0.060734177,0.500193112,-0.630307242,0,M1,0.518309248,0.377320563,0.685950592,Fe
Cephalopholis leopardus,0.194476195,-0.977024908,0.500193112,-0.630307242,0,M1,0.497812775,0.342144972,0.670690097,Fe
Lethrinus harak,-0.215523805,-0.243055733,0.550958487,-2.310534242,0,M1,0.531521914,0.361103022,0.738528836,Fe
Lutjanus bohar,0.484476195,0.344730932,-1.069408535,3.412338758,0,M1,0.631436954,0.342345407,1.001317911,Fe
Lutjanus gibbus,0.284476195,-0.243055733,0.411196542,-2.101234242,0,M1,0.498227632,0.335400019,0.704844545,Fe
Scarus caudofasciatus,-1.763380948,-0.243055733,1.02541041,-0.830307242,0,M1,0.674018742,0.397653604,0.970624532,Fe
Scarus frenatus,-1.815523805,-0.304931137,1.23317658,-0.830307242,0,M1,0.668951322,0.406330977,1.03305199,Fe
Scarus niger,-1.815523805,-0.466199285,1.020962099,-0.830307242,0,M1,0.670931175,0.406390262,0.985676471,Fe
Scarus prasiognathos,-1.763380948,0.093416503,1.02541041,-0.830307242,0,M1,0.690887813,0.428981301,1.015980912,Fe
Scarus scaber,-1.815523805,-0.544160826,1.141157681,-0.830307242,0,M1,0.6633654,0.385222332,0.988258534,Fe
Scarus tricolor,-1.815523805,-0.874167523,1.02541041,-0.830307242,0,M1,0.651733604,0.385920861,0.969776876,Fe
Siganus stellatus,-1.115523805,-0.466199285,1.516246383,-2.330307242,0,M1,0.572488127,0.337189137,0.876456747,Fe
Thalassoma hebraicum,-0.315523805,-1.019584523,1.193955866,-2.830307242,0,M1,0.495929905,0.269755439,0.737258101,Fe
Leptoscarus vaigiensis,-1.515523805,-0.599730677,0.572464673,-2.330307242,0,M1,0.625035963,0.400494315,0.923392814,Fe
Parupeneus barberinus,-0.415523805,-0.060734177,-0.164167644,-0.558676242,0,M1,0.60315261,0.45551718,0.754753247,Fe
Parupeneus macronemus,-0.315523805,-0.466199285,1.732952367,-2.346021527,0,M1,0.503460001,0.273719445,0.78923654,Fe
Scarus ghobban,-1.815523805,0.344730932,0.188052976,-1.830307242,0,M1,0.715928739,0.468730721,1.008484789,Fe
Scarus rubroviolaceus,-1.815523805,0.093416503,-0.444469583,0.069692758,0,M1,0.773138875,0.48921394,1.078710678,Fe
Siganus argenteus,-1.185523691,-0.466199285,0.634340078,-2.330307242,0,M1,0.600901305,0.41068114,0.888941367,Fe
Lethrinus nebulosus,-0.015523805,0.31082938,-0.333243958,-0.392032242,0,M1,0.591105802,0.432967143,0.742632999,Fe
Acanthurus lineatus,-0.97006926,-0.517492579,0.970812298,-2.761320242,0,M1,0.563510775,0.342396752,0.826723337,Fe
Acanthurus tennentii,-1.815523805,-0.721091534,1.013641317,-1.163640575,0,M1,0.654576928,0.390181805,0.953470477,Fe
Siganus sutor,-1.815523805,-0.348416249,1.057645105,-2.330307242,0,M1,0.649596056,0.394666858,0.97182378,Fe
Cheilinus fasciatus,-0.445523805,-0.466199285,0.729650258,-0.650761787,0,M1,0.561593647,0.408301411,0.751681993,Fe
Lethrinus mahsena,-0.415523805,0.019308531,-0.975097824,2.646747758,0,M1,0.688688509,0.412815336,1.04134594,Fe
Epinephelus merra,0.564476195,-0.721091534,0.411196527,0.036359425,0,M1,0.489742952,0.351100896,0.668451303,Fe
Naso elegans,-1.815523805,-0.348416249,0.33079959,1.669692758,0,M1,0.744735407,0.424724297,1.174274246,Fe
Scarus falcipinnis,-1.815523805,-0.060734177,1.02541041,-0.830307242,0,M1,0.689961365,0.423575824,1.019878243,Fe
Scarus globiceps,-1.815523805,-0.859241873,1.02541041,-0.830307242,0,M1,0.652269901,0.38752967,0.971757187,Fe
Lethrinus lentjan,0.084476195,-0.20383502,0.956423575,-2.790661242,0,M1,0.492717646,0.293069668,0.720831634,Fe
Acanthurus triostegus,-1.015523805,-0.859241873,1.327487259,-3.055795342,0,M1,0.542673698,0.286778844,0.826722701,Fe
Cephalopholis miniata,0.484476195,-0.243055733,-0.879787654,2.269692758,0,M1,0.584574348,0.373896936,0.868076422,Fe
Cephalopholis urodeta,0.204476195,-0.822874229,1.656791006,-0.630307242,0,M1,0.479790721,0.265846009,0.7547896,Fe
Epinephelus coeruleopunctatus,0.354476195,0.175654602,-0.224395032,0.036359425,0,M1,0.556360824,0.412434591,0.713324648,Fe
Scarus viridifucatus,-1.815523805,-0.348416249,1.02541041,-0.830307242,0,M1,0.674703818,0.421610787,1.002851276,Fe
Epinephelus hexagonatus,0.234476195,-0.840892734,1.23317658,0.036359425,0,M1,0.491628485,0.310935881,0.736620129,Fe
Lethrinus olivaceus,0.184476195,0.450091447,-0.058807102,-1.282525242,0,M1,0.55546386,0.412315261,0.747418787,Fe
Lutjanus kasmira,0.084476195,-0.466199285,-0.223681759,-0.523037242,0,M1,0.547247853,0.412087933,0.723742378,Fe
Lethrinus enigmaticus,0.014476119,-0.147745554,-0.576321714,0.488442758,0,M1,0.591374409,0.427624618,0.766073578,Fe
Lethrinus rubrioperculatus,-0.015523805,-0.243055733,-0.186640478,-0.584733242,0,M1,0.560324092,0.431936904,0.727993857,Fe
Diagramma pictum,-0.115523805,0.450091447,-0.083099782,-1.101178242,0,M1,0.584293293,0.431702982,0.750253705,Fe
Acanthurus leucosternon,-1.815523805,-0.166094692,1.589851523,-1.163640575,1,M1,0.923117218,0.464159931,1.494316935,Fe
Acanthurus nigrofuscus,-1.815523805,-1.110556301,0.891305178,-1.830307242,1,M1,0.887870152,0.47796318,1.393698317,Fe
Aprion virescens,0.484476195,0.563420133,-0.63862559,0.456588758,1,M1,0.821841513,0.517927462,1.107243736,Fe
Cephalopholis argus,0.344476195,-0.060734177,0.500193112,-0.630307242,1,M1,0.723919981,0.490293165,0.969323407,Fe
Cephalopholis leopardus,0.194476195,-0.977024908,0.500193112,-0.630307242,1,M1,0.701556252,0.479359735,0.978953408,Fe
Lethrinus harak,-0.215523805,-0.243055733,0.550958487,-2.310534242,1,M1,0.741349294,0.467099674,1.060890984,Fe
Lutjanus bohar,0.484476195,0.344730932,-1.069408535,3.412338758,1,M1,0.879959423,0.502990859,1.342552251,Fe
Lutjanus gibbus,0.284476195,-0.243055733,0.411196542,-2.101234242,1,M1,0.700534804,0.421196264,0.988714694,Fe
Scarus caudofasciatus,-1.763380948,-0.243055733,1.02541041,-0.830307242,1,M1,0.943871415,0.552590459,1.441119515,Fe
Scarus frenatus,-1.815523805,-0.304931137,1.23317658,-0.830307242,1,M1,0.939805452,0.553505886,1.498788132,Fe
Scarus niger,-1.815523805,-0.466199285,1.020962099,-0.830307242,1,M1,0.940135126,0.550002225,1.45291097,Fe
Scarus prasiognathos,-1.763380948,0.093416503,1.02541041,-0.830307242,1,M1,0.966849202,0.514411938,1.431301523,Fe
Scarus scaber,-1.815523805,-0.544160826,1.141157681,-0.830307242,1,M1,0.926940184,0.527741153,1.454106549,Fe
Scarus tricolor,-1.815523805,-0.874167523,1.02541041,-0.830307242,1,M1,0.913248888,0.513392228,1.419498502,Fe
Siganus stellatus,-1.115523805,-0.466199285,1.516246383,-2.330307242,1,M1,0.800666323,0.459465452,1.303725628,Fe
Thalassoma hebraicum,-0.315523805,-1.019584523,1.193955866,-2.830307242,1,M1,0.693510892,0.366200697,1.075745329,Fe
Leptoscarus vaigiensis,-1.515523805,-0.599730677,0.572464673,-2.330307242,1,M1,0.881427025,0.539191664,1.333966506,Fe
Parupeneus barberinus,-0.415523805,-0.060734177,-0.164167644,-0.558676242,1,M1,0.843041569,0.608632017,1.074792269,Fe
Parupeneus macronemus,-0.315523805,-0.466199285,1.732952367,-2.346021527,1,M1,0.703796842,0.379704945,1.16199903,Fe
Scarus ghobban,-1.815523805,0.344730932,0.188052976,-1.830307242,1,M1,1.006512454,0.589660597,1.435538525,Fe
Scarus rubroviolaceus,-1.815523805,0.093416503,-0.444469583,0.069692758,1,M1,1.069354811,0.66289433,1.540646548,Fe
Siganus argenteus,-1.185523691,-0.466199285,0.634340078,-2.330307242,1,M1,0.841730135,0.470876817,1.1971759,Fe
Lethrinus nebulosus,-0.015523805,0.31082938,-0.333243958,-0.392032242,1,M1,0.825289584,0.607046667,1.046637447,Fe
Acanthurus lineatus,-0.97006926,-0.517492579,0.970812298,-2.761320242,1,M1,0.793145729,0.464438706,1.213396282,Fe
Acanthurus tennentii,-1.815523805,-0.721091534,1.013641317,-1.163640575,1,M1,0.917840531,0.519987588,1.431260773,Fe
Siganus sutor,-1.815523805,-0.348416249,1.057645105,-2.330307242,1,M1,0.911701079,0.507542782,1.413935289,Fe
Cheilinus fasciatus,-0.445523805,-0.466199285,0.729650258,-0.650761787,1,M1,0.78820437,0.514486247,1.063707883,Fe
Lethrinus mahsena,-0.415523805,0.019308531,-0.975097824,2.646747758,1,M1,0.963608743,0.600159887,1.412041431,Fe
Epinephelus merra,0.564476195,-0.721091534,0.411196527,0.036359425,1,M1,0.694159865,0.470671209,0.928304395,Fe
Naso elegans,-1.815523805,-0.348416249,0.33079959,1.669692758,1,M1,1.044784261,0.549022092,1.666438238,Fe
Scarus falcipinnis,-1.815523805,-0.060734177,1.02541041,-0.830307242,1,M1,0.964987816,0.561763074,1.483596094,Fe
Scarus globiceps,-1.815523805,-0.859241873,1.02541041,-0.830307242,1,M1,0.914146839,0.515021617,1.420008339,Fe
Lethrinus lentjan,0.084476195,-0.20383502,0.956423575,-2.790661242,1,M1,0.690155536,0.405806801,1.062304641,Fe
Acanthurus triostegus,-1.015523805,-0.859241873,1.327487259,-3.055795342,1,M1,0.770844072,0.357204815,1.183188125,Fe
Cephalopholis miniata,0.484476195,-0.243055733,-0.879787654,2.269692758,1,M1,0.819075325,0.551298983,1.176566523,Fe
Cephalopholis urodeta,0.204476195,-0.822874229,1.656791006,-0.630307242,1,M1,0.670305546,0.369369343,1.070448214,Fe
Epinephelus coeruleopunctatus,0.354476195,0.175654602,-0.224395032,0.036359425,1,M1,0.780577407,0.557374573,0.966523242,Fe
Scarus viridifucatus,-1.815523805,-0.348416249,1.02541041,-0.830307242,1,M1,0.946716228,0.55033543,1.45564689,Fe
Epinephelus hexagonatus,0.234476195,-0.840892734,1.23317658,0.036359425,1,M1,0.69522416,0.41927145,1.045675681,Fe
Lethrinus olivaceus,0.184476195,0.450091447,-0.058807102,-1.282525242,1,M1,0.778945302,0.534466707,1.02581121,Fe
Lutjanus kasmira,0.084476195,-0.466199285,-0.223681759,-0.523037242,1,M1,0.770575797,0.549797137,0.999662099,Fe
Lethrinus enigmaticus,0.014476119,-0.147745554,-0.576321714,0.488442758,1,M1,0.831548483,0.605392678,1.079196284,Fe
Lethrinus rubrioperculatus,-0.015523805,-0.243055733,-0.186640478,-0.584733242,1,M1,0.789926607,0.570014511,1.019826386,Fe
Diagramma pictum,-0.115523805,0.450091447,-0.083099782,-1.101178242,1,M1,0.818457051,0.580805755,1.06871598,Fe
Acanthurus leucosternon,-1.817475724,-0.15269014,1.575401169,-1.17949189,0,M1,20.82392686,3.622836963,57.51088025,Se
Acanthurus nigrofuscus,-1.817475724,-1.097151748,0.876854824,-1.846158557,0,M1,24.0520034,5.787365018,55.01566259,Se
Aprion virescens,0.482524276,0.576824685,-0.653075944,0.440737443,0,M1,30.82324012,13.19494787,60.96947954,Se
Cephalopholis argus,0.342524276,-0.047329624,0.485742758,-0.646158557,0,M1,27.39704156,10.64278697,39.9401138,Se
Cephalopholis leopardus,0.192524276,-0.963620356,0.485742758,-0.646158557,0,M1,28.48580029,9.970775461,47.90379279,Se
Lethrinus harak,-0.217475724,-0.229651181,0.536508133,-2.326385557,0,M1,25.09167327,6.795133823,42.44044805,Se
Lutjanus bohar,0.482524276,0.358135484,-1.083858889,3.396487443,0,M1,39.30178484,9.01616635,90.69346236,Se
Lutjanus gibbus,0.282524276,-0.229651181,0.396746188,-2.117085557,0,M1,26.06629863,5.16547816,45.49294327,Se
Scarus caudofasciatus,-1.765332867,-0.229651181,1.010960056,-0.846158557,0,M1,22.99720425,6.153580743,53.01001249,Se
Scarus frenatus,-1.817475724,-0.291526584,1.218726225,-0.846158557,0,M1,22.47926775,4.542311068,55.26048422,Se
Scarus niger,-1.817475724,-0.452794732,1.006511745,-0.846158557,0,M1,23.46117829,7.434388253,55.79719836,Se
Scarus prasiognathos,-1.765332867,0.106821056,1.010960056,-0.846158557,0,M1,22.65525758,6.593246099,54.74917051,Se
Scarus scaber,-1.817475724,-0.530756273,1.126707327,-0.846158557,0,M1,23.31317886,5.036594394,55.15235241,Se
Scarus tricolor,-1.817475724,-0.86076297,1.010960056,-0.846158557,0,M1,24.35141562,5.101188826,55.50043205,Se
Siganus stellatus,-1.117475724,-0.452794732,1.501796029,-2.346158557,0,M1,21.56532421,5.115942904,43.14689496,Se
Thalassoma hebraicum,-0.317475724,-1.00617997,1.179505512,-2.846158557,0,M1,23.62003137,4.793410583,49.01862369,Se
Leptoscarus vaigiensis,-1.517475724,-0.586326125,0.558014319,-2.346158557,0,M1,24.37809738,7.376418821,49.90668096,Se
Parupeneus barberinus,-0.417475724,-0.047329624,-0.178617998,-0.574527557,0,M1,29.12230274,14.66175912,41.7128115,Se
Parupeneus macronemus,-0.317475724,-0.452794732,1.718502013,-2.361872843,0,M1,21.50310967,5.178372697,42.82914035,Se
Scarus ghobban,-1.817475724,0.358135484,0.173602622,-1.846158557,0,M1,23.9530144,8.708761876,49.86042748,Se
Scarus rubroviolaceus,-1.817475724,0.106821056,-0.458919937,0.053841443,0,M1,28.41158445,11.01011818,62.86870478,Se
Siganus argenteus,-1.18747561,-0.452794732,0.619889724,-2.346158557,0,M1,24.29752989,9.16772068,46.89503341,Se
Lethrinus nebulosus,-0.017475724,0.324233933,-0.347694312,-0.407883557,0,M1,29.72599538,13.41638466,42.87801749,Se
Acanthurus lineatus,-0.972021179,-0.504088026,0.956361944,-2.777171557,0,M1,23.32459718,6.047813599,44.19212536,Se
Acanthurus tennentii,-1.817475724,-0.707686982,0.999190963,-1.17949189,0,M1,23.74965961,5.763990269,52.95578229,Se
Siganus sutor,-1.817475724,-0.335011696,1.043194751,-2.346158557,0,M1,21.86885304,6.281293298,49.6784594,Se
Cheilinus fasciatus,-0.447475724,-0.452794732,0.715199904,-0.666613102,0,M1,26.5550684,12.57481889,39.46305242,Se
Lethrinus mahsena,-0.417475724,0.032713084,-0.989548178,2.630896443,0,M1,37.11996109,12.53534788,76.81918364,Se
Epinephelus merra,0.562524276,-0.707686982,0.396746173,0.02050811,0,M1,29.80581211,10.90766542,47.06088326,Se
Naso elegans,-1.817475724,-0.335011696,0.316349236,1.653841443,0,M1,27.84374119,6.07897295,79.47119666,Se
Scarus falcipinnis,-1.817475724,-0.047329624,1.010960056,-0.846158557,0,M1,22.52564937,5.273805922,54.0045125,Se
Scarus globiceps,-1.817475724,-0.84583732,1.010960056,-0.846158557,0,M1,24.35774795,5.107292125,55.40203444,Se
Lethrinus lentjan,0.082524276,-0.190430468,0.941973221,-2.806512557,0,M1,23.68394512,4.904711299,44.35611553,Se
Acanthurus triostegus,-1.017475724,-0.84583732,1.313036905,-3.071646657,0,M1,22.13799198,6.419652716,49.56724045,Se
Cephalopholis miniata,0.482524276,-0.229651181,-0.894238008,2.253841443,0,M1,37.38042925,13.47881904,67.78843649,Se
Cephalopholis urodeta,0.202524276,-0.809469676,1.642340652,-0.646158557,0,M1,24.81484132,6.28033351,49.1213182,Se
Epinephelus coeruleopunctatus,0.352524276,0.189059154,-0.238845386,0.02050811,0,M1,30.6111244,14.32395503,44.14147656,Se
Scarus viridifucatus,-1.817475724,-0.335011696,1.010960056,-0.846158557,0,M1,23.11056315,5.320636113,53.53980877,Se
Epinephelus hexagonatus,0.232524276,-0.827488181,1.218726225,0.02050811,0,M1,27.14877019,6.671006181,47.09894193,Se
Lethrinus olivaceus,0.182524276,0.463496,-0.073257456,-1.298376557,0,M1,27.87723107,9.477083447,44.07906331,Se
Lutjanus kasmira,0.082524276,-0.452794732,-0.238132113,-0.538888557,0,M1,30.55832128,13.27860947,50.1647618,Se
Lethrinus enigmaticus,0.0125242,-0.134341001,-0.590772068,0.472591443,0,M1,33.15886736,16.16558166,49.30711908,Se
Lethrinus rubrioperculatus,-0.017475724,-0.229651181,-0.201090832,-0.600584557,0,M1,30.07437686,13.32316533,45.17699836,Se
Diagramma pictum,-0.117475724,0.463496,-0.097550136,-1.117029557,0,M1,27.60230759,11.14003705,41.5694259,Se
Acanthurus leucosternon,-1.817475724,-0.15269014,1.575401169,-1.17949189,1,M1,22.45088536,5.429856745,63.399402,Se
Acanthurus nigrofuscus,-1.817475724,-1.097151748,0.876854824,-1.846158557,1,M1,26.1618592,5.199633573,59.10612157,Se
Aprion virescens,0.482524276,0.576824685,-0.653075944,0.440737443,1,M1,33.59684933,11.14005959,63.47220744,Se
Cephalopholis argus,0.342524276,-0.047329624,0.485742758,-0.646158557,1,M1,29.61687891,9.758672122,44.38787928,Se
Cephalopholis leopardus,0.192524276,-0.963620356,0.485742758,-0.646158557,1,M1,31.29727344,10.00282953,52.89131363,Se
Lethrinus harak,-0.217475724,-0.229651181,0.536508133,-2.326385557,1,M1,27.31738833,6.215842503,47.1298496,Se
Lutjanus bohar,0.482524276,0.358135484,-1.083858889,3.396487443,1,M1,41.98242609,3.987555065,92.72446853,Se
Lutjanus gibbus,0.282524276,-0.229651181,0.396746188,-2.117085557,1,M1,28.48859971,5.700514696,51.04652429,Se
Scarus caudofasciatus,-1.765332867,-0.229651181,1.010960056,-0.846158557,1,M1,25.07050536,5.458385201,55.36089545,Se
Scarus frenatus,-1.817475724,-0.291526584,1.218726225,-0.846158557,1,M1,23.95071375,4.866626669,59.15074946,Se
Scarus niger,-1.817475724,-0.452794732,1.006511745,-0.846158557,1,M1,25.49904565,5.142244994,55.59882117,Se
Scarus prasiognathos,-1.765332867,0.106821056,1.010960056,-0.846158557,1,M1,24.16691663,5.75088365,56.90334962,Se
Scarus scaber,-1.817475724,-0.530756273,1.126707327,-0.846158557,1,M1,24.99471554,4.952187866,57.50401862,Se
Scarus tricolor,-1.817475724,-0.86076297,1.010960056,-0.846158557,1,M1,26.27198492,6.107002229,58.39317148,Se
Siganus stellatus,-1.117475724,-0.452794732,1.501796029,-2.346158557,1,M1,23.14188127,5.978093449,48.09787636,Se
Thalassoma hebraicum,-0.317475724,-1.00617997,1.179505512,-2.846158557,1,M1,25.19169429,3.447794288,50.87445951,Se
Leptoscarus vaigiensis,-1.517475724,-0.586326125,0.558014319,-2.346158557,1,M1,26.18748543,6.808210895,51.87911439,Se
Parupeneus barberinus,-0.417475724,-0.047329624,-0.178617998,-0.574527557,1,M1,31.57887836,16.63398167,48.54684757,Se
Parupeneus macronemus,-0.317475724,-0.452794732,1.718502013,-2.361872843,1,M1,23.34028307,5.60520594,47.55251048,Se
Scarus ghobban,-1.817475724,0.358135484,0.173602622,-1.846158557,1,M1,25.73284205,9.073100624,54.46336654,Se
Scarus rubroviolaceus,-1.817475724,0.106821056,-0.458919937,0.053841443,1,M1,30.70226977,6.808291646,64.34290259,Se
Siganus argenteus,-1.18747561,-0.452794732,0.619889724,-2.346158557,1,M1,25.89990133,7.882530514,48.40548169,Se
Lethrinus nebulosus,-0.017475724,0.324233933,-0.347694312,-0.407883557,1,M1,32.35525943,14.80136032,49.83107503,Se
Acanthurus lineatus,-0.972021179,-0.504088026,0.956361944,-2.777171557,1,M1,24.80590329,6.202299162,48.24332302,Se
Acanthurus tennentii,-1.817475724,-0.707686982,0.999190963,-1.17949189,1,M1,25.68750923,7.553636391,57.77656266,Se
Siganus sutor,-1.817475724,-0.335011696,1.043194751,-2.346158557,1,M1,23.68488837,6.202639282,51.67486469,Se
Cheilinus fasciatus,-0.447475724,-0.452794732,0.715199904,-0.666613102,1,M1,28.5061178,10.97454223,43.27739032,Se
Lethrinus mahsena,-0.417475724,0.032713084,-0.989548178,2.630896443,1,M1,39.38330496,14.13816409,84.16200305,Se
Epinephelus merra,0.562524276,-0.707686982,0.396746173,0.02050811,1,M1,32.77026819,10.86849397,53.0177346,Se
Naso elegans,-1.817475724,-0.335011696,0.316349236,1.653841443,1,M1,30.17892845,6.125195984,83.04193313,Se
Scarus falcipinnis,-1.817475724,-0.047329624,1.010960056,-0.846158557,1,M1,24.40408266,8.278536236,59.99538629,Se
Scarus globiceps,-1.817475724,-0.84583732,1.010960056,-0.846158557,1,M1,26.17454974,6.149966942,58.41197165,Se
Lethrinus lentjan,0.082524276,-0.190430468,0.941973221,-2.806512557,1,M1,25.41632286,4.662374447,48.30828112,Se
Acanthurus triostegus,-1.017475724,-0.84583732,1.313036905,-3.071646657,1,M1,23.85108365,5.123663201,50.92919183,Se
Cephalopholis miniata,0.482524276,-0.229651181,-0.894238008,2.253841443,1,M1,41.13730048,13.62686196,73.76092439,Se
Cephalopholis urodeta,0.202524276,-0.809469676,1.642340652,-0.646158557,1,M1,26.33784459,4.695105485,52.39499565,Se
Epinephelus coeruleopunctatus,0.352524276,0.189059154,-0.238845386,0.02050811,1,M1,33.32052164,12.95617319,49.88391886,Se
Scarus viridifucatus,-1.817475724,-0.335011696,1.010960056,-0.846158557,1,M1,25.24926642,5.256220747,56.3099339,Se
Epinephelus hexagonatus,0.232524276,-0.827488181,1.218726225,0.02050811,1,M1,29.14431205,7.195708473,53.75149736,Se
Lethrinus olivaceus,0.182524276,0.463496,-0.073257456,-1.298376557,1,M1,29.58120429,7.875471472,48.69024558,Se
Lutjanus kasmira,0.082524276,-0.452794732,-0.238132113,-0.538888557,1,M1,33.30027371,12.40697326,53.82026357,Se
Lethrinus enigmaticus,0.0125242,-0.134341001,-0.590772068,0.472591443,1,M1,35.81930168,15.75252252,53.85452465,Se
Lethrinus rubrioperculatus,-0.017475724,-0.229651181,-0.201090832,-0.600584557,1,M1,32.43611606,13.8006436,50.18994691,Se
Diagramma pictum,-0.117475724,0.463496,-0.097550136,-1.117029557,1,M1,29.70032672,13.61213072,49.69328481,Se
Acanthurus leucosternon,-1.786206895,-0.111537619,1.534665731,-1.262413654,0,M1,1.687625623,0.517341549,3.32747561,Zn
Acanthurus nigrofuscus,-1.786206895,-1.055999228,0.836119385,-1.929080321,0,M1,1.833642509,0.637513242,3.318314091,Zn
Aprion virescens,0.513793105,0.617977206,-0.693811383,0.357815679,0,M1,1.182031723,0.56980245,1.999894285,Zn
Cephalopholis argus,0.373793105,-0.006177103,0.445007319,-0.729080321,0,M1,1.138445211,0.587268396,1.826717056,Zn
Cephalopholis leopardus,0.223793105,-0.922467835,0.445007319,-0.729080321,0,M1,1.342848334,0.619531807,2.125417781,Zn
Lethrinus harak,-0.186206895,-0.18849866,0.495772694,-2.409307321,0,M1,1.140625064,0.427336621,1.928859891,Zn
Lutjanus bohar,0.513793105,0.399288005,-1.124594328,3.313565679,0,M1,1.462994286,0.494501378,2.917513229,Zn
Lutjanus gibbus,0.313793105,-0.18849866,0.356010749,-2.200007321,0,M1,1.046989198,0.410846738,1.769647153,Zn
Scarus caudofasciatus,-1.734064038,-0.18849866,0.970224618,-0.929080321,0,M1,1.715154263,0.753368795,3.112954367,Zn
Scarus frenatus,-1.786206895,-0.250374064,1.177990787,-0.929080321,0,M1,1.753702178,0.709402445,3.321319254,Zn
Scarus niger,-1.786206895,-0.411642211,0.965776306,-0.929080321,0,M1,1.789454474,0.802355573,3.298535012,Zn
Scarus prasiognathos,-1.734064038,0.147973577,0.970224618,-0.929080321,0,M1,1.62985828,0.713703838,2.978483191,Zn
Scarus scaber,-1.786206895,-0.489603753,1.085971888,-0.929080321,0,M1,1.798706978,0.794994342,3.409578109,Zn
Scarus tricolor,-1.786206895,-0.81961045,0.970224618,-0.929080321,0,M1,1.900318121,0.850930531,3.528845546,Zn
Siganus stellatus,-1.086206895,-0.411642211,1.461060591,-2.429080321,0,M1,1.389720759,0.44888324,2.743822457,Zn
Thalassoma hebraicum,-0.286206895,-0.965027449,1.138770074,-2.929080321,0,M1,1.243168064,0.37806073,2.361134945,Zn
Leptoscarus vaigiensis,-1.486206895,-0.545173604,0.51727888,-2.429080321,0,M1,1.53586653,0.563326248,2.756424044,Zn
Parupeneus barberinus,-0.386206895,-0.006177103,-0.219353437,-0.657449321,0,M1,1.333189657,0.694564898,2.025869264,Zn
Parupeneus macronemus,-0.286206895,-0.411642211,1.677766574,-2.444794607,0,M1,1.210293982,0.408594152,2.470166734,Zn
Scarus ghobban,-1.786206895,0.399288005,0.132867183,-1.929080321,0,M1,1.460015396,0.558554991,2.539480916,Zn
Scarus rubroviolaceus,-1.786206895,0.147973577,-0.499655376,-0.029080321,0,M1,1.758998161,0.794774864,2.899736089,Zn
Siganus argenteus,-1.156206781,-0.411642211,0.579154286,-2.429080321,0,M1,1.418467843,0.517011621,2.463330827,Zn
Lethrinus nebulosus,0.013793105,0.365386453,-0.388429751,-0.490805321,0,M1,1.183979059,0.634750427,1.812348401,Zn
Acanthurus lineatus,-0.94075235,-0.462935506,0.915626505,-2.860093321,0,M1,1.318932368,0.424669926,2.437670597,Zn
Acanthurus tennentii,-1.786206895,-0.666534461,0.958455524,-1.262413654,0,M1,1.813026862,0.768561889,3.314528996,Zn
Siganus sutor,-1.786206895,-0.293859176,1.002459312,-2.429080321,0,M1,1.568427458,0.550888238,3.03301304,Zn
Cheilinus fasciatus,-0.416206895,-0.411642211,0.674464466,-0.749534866,0,M1,1.396966254,0.619945571,2.187024683,Zn
Lethrinus mahsena,-0.386206895,0.073865605,-1.030283617,2.547974679,0,M1,1.715226273,0.652769335,3.073221175,Zn
Epinephelus merra,0.593793105,-0.666534461,0.356010734,-0.062413654,0,M1,1.28295782,0.608842748,1.993725297,Zn
Naso elegans,-1.786206895,-0.293859176,0.275613797,1.570919679,0,M1,2.120997527,0.891307907,3.852158307,Zn
Scarus falcipinnis,-1.786206895,-0.006177103,0.970224618,-0.929080321,0,M1,1.682732011,0.741543081,3.084849165,Zn
Scarus globiceps,-1.786206895,-0.804684799,0.970224618,-0.929080321,0,M1,1.897030081,0.855099822,3.532141146,Zn
Lethrinus lentjan,0.113793105,-0.149277947,0.901237782,-2.889434321,0,M1,1.015618291,0.3824871,1.930827792,Zn
Acanthurus triostegus,-0.986206895,-0.804684799,1.272301466,-3.154568421,0,M1,1.370173327,0.364262874,2.682206014,Zn
Cephalopholis miniata,0.513793105,-0.18849866,-0.934973447,2.170919679,0,M1,1.453585465,0.583556834,2.556920327,Zn
Cephalopholis urodeta,0.233793105,-0.768317155,1.601605213,-0.729080321,0,M1,1.322898538,0.462485374,2.501091546,Zn
Epinephelus coeruleopunctatus,0.383793105,0.230211675,-0.279580824,-0.062413654,0,M1,1.159991648,0.595645516,1.773708611,Zn
Scarus viridifucatus,-1.786206895,-0.293859176,0.970224618,-0.929080321,0,M1,1.756325527,0.783771166,3.232672059,Zn
Epinephelus hexagonatus,0.263793105,-0.786335661,1.177990787,-0.062413654,0,M1,1.391110178,0.578426817,2.42095235,Zn
Lethrinus olivaceus,0.213793105,0.504648521,-0.113992895,-1.381298321,0,M1,1.036343226,0.493656808,1.653336213,Zn
Lutjanus kasmira,0.113793105,-0.411642211,-0.278867552,-0.621810321,0,M1,1.288644618,0.674462241,1.997395457,Zn
Lethrinus enigmaticus,0.043793029,-0.09318848,-0.631507507,0.389669679,0,M1,1.340930587,0.628425877,2.076098595,Zn
Lethrinus rubrioperculatus,0.013793105,-0.18849866,-0.241826271,-0.683506321,0,M1,1.265858638,0.657955711,1.922030636,Zn
Diagramma pictum,-0.086206895,0.504648521,-0.138285575,-1.199951321,0,M1,1.113253003,0.533021071,1.733028502,Zn
Acanthurus leucosternon,-1.786206895,-0.111537619,1.534665731,-1.262413654,1,M1,1.866820381,0.486635225,3.771141438,Zn
Acanthurus nigrofuscus,-1.786206895,-1.055999228,0.836119385,-1.929080321,1,M1,2.074642701,0.547595909,3.90025867,Zn
Aprion virescens,0.513793105,0.617977206,-0.693811383,0.357815679,1,M1,1.323022347,0.588686616,2.353193008,Zn
Cephalopholis argus,0.373793105,-0.006177103,0.445007319,-0.729080321,1,M1,1.27654632,0.564661209,2.151063981,Zn
Cephalopholis leopardus,0.223793105,-0.922467835,0.445007319,-0.729080321,1,M1,1.517816871,0.595313844,2.53834571,Zn
Lethrinus harak,-0.186206895,-0.18849866,0.495772694,-2.409307321,1,M1,1.266447411,0.452775816,2.323229542,Zn
Lutjanus bohar,0.513793105,0.399288005,-1.124594328,3.313565679,1,M1,1.626482688,0.554449705,3.464386772,Zn
Lutjanus gibbus,0.313793105,-0.18849866,0.356010749,-2.200007321,1,M1,1.164959828,0.395810255,2.075623824,Zn
Scarus caudofasciatus,-1.734064038,-0.18849866,0.970224618,-0.929080321,1,M1,1.919416168,0.728076776,3.685919206,Zn
Scarus frenatus,-1.786206895,-0.250374064,1.177990787,-0.929080321,1,M1,1.951418814,0.635418419,3.765858398,Zn
Scarus niger,-1.786206895,-0.411642211,0.965776306,-0.929080321,1,M1,2.014093527,0.658922188,3.79733404,Zn
Scarus prasiognathos,-1.734064038,0.147973577,0.970224618,-0.929080321,1,M1,1.831691633,0.708091026,3.522212757,Zn
Scarus scaber,-1.786206895,-0.489603753,1.085971888,-0.929080321,1,M1,2.03234271,0.680564101,3.912582819,Zn
Scarus tricolor,-1.786206895,-0.81961045,0.970224618,-0.929080321,1,M1,2.154791214,0.674855717,4.059101261,Zn
Siganus stellatus,-1.086206895,-0.411642211,1.461060591,-2.429080321,1,M1,1.573710536,0.366161564,3.091893828,Zn
Thalassoma hebraicum,-0.286206895,-0.965027449,1.138770074,-2.929080321,1,M1,1.421096261,0.408662206,2.858723165,Zn
Leptoscarus vaigiensis,-1.486206895,-0.545173604,0.51727888,-2.429080321,1,M1,1.748550335,0.538715346,3.285211819,Zn
Parupeneus barberinus,-0.386206895,-0.006177103,-0.219353437,-0.657449321,1,M1,1.485650998,0.670004224,2.415467412,Zn
Parupeneus macronemus,-0.286206895,-0.411642211,1.677766574,-2.444794607,1,M1,1.356369912,0.32762376,2.664893351,Zn
Scarus ghobban,-1.786206895,0.399288005,0.132867183,-1.929080321,1,M1,1.659008268,0.501350547,2.953633401,Zn
Scarus rubroviolaceus,-1.786206895,0.147973577,-0.499655376,-0.029080321,1,M1,2.007858329,0.888503336,3.451295502,Zn
Siganus argenteus,-1.156206781,-0.411642211,0.579154286,-2.429080321,1,M1,1.602889703,0.484135035,2.91354194,Zn
Lethrinus nebulosus,0.013793105,0.365386453,-0.388429751,-0.490805321,1,M1,1.318400978,0.635501306,2.209723406,Zn
Acanthurus lineatus,-0.94075235,-0.462935506,0.915626505,-2.860093321,1,M1,1.50282901,0.344830361,2.759262987,Zn
Acanthurus tennentii,-1.786206895,-0.666534461,0.958455524,-1.262413654,1,M1,2.041425816,0.730829854,3.968115512,Zn
Siganus sutor,-1.786206895,-0.293859176,1.002459312,-2.429080321,1,M1,1.796882311,0.450357818,3.419391161,Zn
Cheilinus fasciatus,-0.416206895,-0.411642211,0.674464466,-0.749534866,1,M1,1.5843303,0.627889595,2.676373534,Zn
Lethrinus mahsena,-0.386206895,0.073865605,-1.030283617,2.547974679,1,M1,1.927534481,0.637646566,3.543357308,Zn
Epinephelus merra,0.593793105,-0.666534461,0.356010734,-0.062413654,1,M1,1.42666117,0.623959195,2.323790014,Zn
Naso elegans,-1.786206895,-0.293859176,0.275613797,1.570919679,1,M1,2.437972324,1.02023272,4.446287883,Zn
Scarus falcipinnis,-1.786206895,-0.006177103,0.970224618,-0.929080321,1,M1,1.893156464,0.74182356,3.662540345,Zn
Scarus globiceps,-1.786206895,-0.804684799,0.970224618,-0.929080321,1,M1,2.149396407,0.672679705,4.052570493,Zn
Lethrinus lentjan,0.113793105,-0.149277947,0.901237782,-2.889434321,1,M1,1.15384014,0.283169936,2.193284224,Zn
Acanthurus triostegus,-0.986206895,-0.804684799,1.272301466,-3.154568421,1,M1,1.55822446,0.329788421,3.138080047,Zn
Cephalopholis miniata,0.513793105,-0.18849866,-0.934973447,2.170919679,1,M1,1.620034778,0.596112723,2.980200379,Zn
Cephalopholis urodeta,0.233793105,-0.768317155,1.601605213,-0.729080321,1,M1,1.472040038,0.496912944,2.912809873,Zn
Epinephelus coeruleopunctatus,0.383793105,0.230211675,-0.279580824,-0.062413654,1,M1,1.289002779,0.611687859,2.11119045,Zn
Scarus viridifucatus,-1.786206895,-0.293859176,0.970224618,-0.929080321,1,M1,1.973551642,0.639771684,3.721200809,Zn
Epinephelus hexagonatus,0.263793105,-0.786335661,1.177990787,-0.062413654,1,M1,1.541453533,0.66544426,2.929926606,Zn
Lethrinus olivaceus,0.213793105,0.504648521,-0.113992895,-1.381298321,1,M1,1.148163484,0.536399251,1.985836005,Zn
Lutjanus kasmira,0.113793105,-0.411642211,-0.278867552,-0.621810321,1,M1,1.420922183,0.693033842,2.419011902,Zn
Lethrinus enigmaticus,0.043793029,-0.09318848,-0.631507507,0.389669679,1,M1,1.489221239,0.646250891,2.489720319,Zn
Lethrinus rubrioperculatus,0.013793105,-0.18849866,-0.241826271,-0.683506321,1,M1,1.398626497,0.63962071,2.303809214,Zn
Diagramma pictum,-0.086206895,0.504648521,-0.138285575,-1.199951321,1,M1,1.23737636,0.594465933,2.116204969,Zn
Acanthurus leucosternon,-1.611515143,-0.201720073,1.894432443,-1.535674203,0,M1,0.083694408,0.03302519,0.160314553,omega3
Acanthurus nigrofuscus,-1.611515143,-1.146181682,1.195886098,-2.202340869,0,M1,0.129478972,0.064141772,0.220205063,omega3
Aprion virescens,0.688484857,0.527794752,-0.334044671,0.084555131,0,M1,0.210259736,0.12868738,0.347826281,omega3
Cephalopholis argus,0.548484857,-0.096359557,0.804774031,-1.002340869,0,M1,0.138267835,0.082867975,0.213893162,omega3
Cephalopholis leopardus,0.398484857,-1.012650289,0.804774031,-1.002340869,0,M1,0.16620204,0.106210166,0.275602683,omega3
Lethrinus harak,-0.011515143,-0.278681114,0.855539406,-2.682567869,0,M1,0.137988099,0.076782682,0.241370464,omega3
Lutjanus bohar,0.688484857,0.309105551,-0.764827616,3.040305131,0,M1,0.199750138,0.095244841,0.39153171,omega3
Lutjanus gibbus,0.488484857,-0.278681114,0.715777462,-2.473267869,0,M1,0.150910501,0.082888269,0.260000507,omega3
Scarus caudofasciatus,-1.559372286,-0.278681114,1.32999133,-1.202340869,0,M1,0.102349117,0.048197535,0.171922661,omega3
Scarus frenatus,-1.611515143,-0.340556518,1.537757499,-1.202340869,0,M1,0.096304691,0.042712645,0.17040832,omega3
Scarus niger,-1.611515143,-0.501824665,1.325543018,-1.202340869,0,M1,0.107140143,0.050138971,0.181192847,omega3
Scarus prasiognathos,-1.559372286,0.057791123,1.32999133,-1.202340869,0,M1,0.095045082,0.047334933,0.163541612,omega3
Scarus scaber,-1.611515143,-0.579786207,1.4457386,-1.202340869,0,M1,0.104732232,0.047551664,0.182198691,omega3
Scarus tricolor,-1.611515143,-0.909792904,1.32999133,-1.202340869,0,M1,0.116966714,0.051766977,0.198138299,omega3
Siganus stellatus,-0.911515143,-0.501824665,1.820827303,-2.702340869,0,M1,0.09884698,0.046785802,0.18274339,omega3
Thalassoma hebraicum,-0.111515143,-1.055209904,1.498536786,-3.202340869,0,M1,0.13252727,0.063427055,0.248994344,omega3
Leptoscarus vaigiensis,-1.311515143,-0.635356058,0.877045592,-2.702340869,0,M1,0.132306815,0.071310421,0.233100461,omega3
Parupeneus barberinus,-0.211515143,-0.096359557,0.140413275,-0.930709869,0,M1,0.15777846,0.106152029,0.242137388,omega3
Parupeneus macronemus,-0.111515143,-0.501824665,2.037533287,-2.718055155,0,M1,0.098822891,0.039703798,0.18484773,omega3
Scarus ghobban,-1.611515143,0.309105551,0.492633895,-2.202340869,0,M1,0.117174484,0.059823183,0.206763079,omega3
Scarus rubroviolaceus,-1.611515143,0.057791123,-0.139888663,-0.302340869,0,M1,0.145977554,0.086374658,0.250399317,omega3
Siganus argenteus,-0.981515029,-0.501824665,0.938920998,-2.702340869,0,M1,0.129272208,0.068986751,0.222571035,omega3
Lethrinus nebulosus,0.188484857,0.275203999,-0.028663039,-0.764065869,0,M1,0.159138363,0.109053141,0.25311112,omega3
Acanthurus lineatus,-0.766060598,-0.55311796,1.275393217,-3.133353869,0,M1,0.119736139,0.054586737,0.213772653,omega3
Acanthurus tennentii,-1.611515143,-0.756716915,1.318222236,-1.535674203,0,M1,0.114418312,0.053208872,0.191094823,omega3
Siganus sutor,-1.611515143,-0.38404163,1.362226024,-2.702340869,0,M1,0.104580236,0.048398113,0.184891695,omega3
Cheilinus fasciatus,-0.241515143,-0.501824665,1.034231178,-1.022795415,0,M1,0.131349006,0.072079396,0.202010987,omega3
Lethrinus mahsena,-0.211515143,-0.01631685,-0.670516905,2.274714131,0,M1,0.193458276,0.10277202,0.358395009,omega3
Epinephelus merra,0.768484857,-0.756716915,0.715777447,-0.335674202,0,M1,0.166290865,0.103037538,0.263645413,omega3
Naso elegans,-1.611515143,-0.38404163,0.635380509,1.297659131,0,M1,0.12384699,0.054696795,0.226414462,omega3
Scarus falcipinnis,-1.611515143,-0.096359557,1.32999133,-1.202340869,0,M1,0.09779678,0.048260978,0.167229904,omega3
Scarus globiceps,-1.611515143,-0.894867253,1.32999133,-1.202340869,0,M1,0.116746706,0.051721814,0.197238567,omega3
Lethrinus lentjan,0.288484857,-0.239460401,1.261004494,-3.162694869,0,M1,0.124246075,0.053988868,0.227406975,omega3
Acanthurus triostegus,-0.811515143,-0.894867253,1.632068178,-3.427828969,0,M1,0.116179542,0.046473542,0.217295019,omega3
Cephalopholis miniata,0.688484857,-0.278681114,-0.575206735,1.897659131,0,M1,0.215546041,0.109808402,0.374287636,omega3
Cephalopholis urodeta,0.408484857,-0.858499609,1.961371926,-1.002340869,0,M1,0.112871703,0.042237121,0.20894525,omega3
Epinephelus coeruleopunctatus,0.558484857,0.140029221,0.080185888,-0.335674202,0,M1,0.163716685,0.109692999,0.252666646,omega3
Scarus viridifucatus,-1.611515143,-0.38404163,1.32999133,-1.202340869,0,M1,0.104234301,0.049507324,0.17802167,omega3
Epinephelus hexagonatus,0.438484857,-0.876518115,1.537757499,-0.335674202,0,M1,0.128817078,0.056780558,0.229857404,omega3
Lethrinus olivaceus,0.388484857,0.414466066,0.245773817,-1.654558869,0,M1,0.146150834,0.085679406,0.238547995,omega3
Lutjanus kasmira,0.288484857,-0.501824665,0.08089916,-0.895070869,0,M1,0.184145571,0.122225183,0.290659949,omega3
Lethrinus enigmaticus,0.218484781,-0.183370934,-0.271740795,0.116409131,0,M1,0.188678311,0.134780667,0.298818089,omega3
Lethrinus rubrioperculatus,0.188484857,-0.278681114,0.117940441,-0.956766869,0,M1,0.171118949,0.115795598,0.267959562,omega3
Diagramma pictum,0.088484857,0.414466066,0.221481137,-1.473211869,0,M1,0.142874873,0.095157329,0.232692801,omega3
Acanthurus leucosternon,-1.611515143,-0.201720073,1.894432443,-1.535674203,1,M1,0.07468298,0.028877027,0.144407537,omega3
Acanthurus nigrofuscus,-1.611515143,-1.146181682,1.195886098,-2.202340869,1,M1,0.114745908,0.048307322,0.200690846,omega3
Aprion virescens,0.688484857,0.527794752,-0.334044671,0.084555131,1,M1,0.186481405,0.118623883,0.322841712,omega3
Cephalopholis argus,0.548484857,-0.096359557,0.804774031,-1.002340869,1,M1,0.122892689,0.073679809,0.193828134,omega3
Cephalopholis leopardus,0.398484857,-1.012650289,0.804774031,-1.002340869,1,M1,0.14878972,0.091063131,0.241451046,omega3
Lethrinus harak,-0.011515143,-0.278681114,0.855539406,-2.682567869,1,M1,0.123333617,0.06025519,0.215655449,omega3
Lutjanus bohar,0.688484857,0.309105551,-0.764827616,3.040305131,1,M1,0.178185869,0.081484757,0.348773662,omega3
Lutjanus gibbus,0.488484857,-0.278681114,0.715777462,-2.473267869,1,M1,0.134896866,0.060286721,0.234517303,omega3
Scarus caudofasciatus,-1.559372286,-0.278681114,1.32999133,-1.202340869,1,M1,0.091023261,0.044673796,0.159378396,omega3
Scarus frenatus,-1.611515143,-0.340556518,1.537757499,-1.202340869,1,M1,0.086102245,0.03530147,0.153163006,omega3
Scarus niger,-1.611515143,-0.501824665,1.325543018,-1.202340869,1,M1,0.095567284,0.047397216,0.166579772,omega3
Scarus prasiognathos,-1.559372286,0.057791123,1.32999133,-1.202340869,1,M1,0.084428243,0.039343733,0.145307238,omega3
Scarus scaber,-1.611515143,-0.579786207,1.4457386,-1.202340869,1,M1,0.093400194,0.043320971,0.165707621,omega3
Scarus tricolor,-1.611515143,-0.909792904,1.32999133,-1.202340869,1,M1,0.104152209,0.050938951,0.18357112,omega3
Siganus stellatus,-0.911515143,-0.501824665,1.820827303,-2.702340869,1,M1,0.088163363,0.035347127,0.169316875,omega3
Thalassoma hebraicum,-0.111515143,-1.055209904,1.498536786,-3.202340869,1,M1,0.118579849,0.04734057,0.219132153,omega3
Leptoscarus vaigiensis,-1.311515143,-0.635356058,0.877045592,-2.702340869,1,M1,0.117339342,0.058772171,0.211539014,omega3
Parupeneus barberinus,-0.211515143,-0.096359557,0.140413275,-0.930709869,1,M1,0.141571464,0.094821128,0.222030913,omega3
Parupeneus macronemus,-0.111515143,-0.501824665,2.037533287,-2.718055155,1,M1,0.088526915,0.029221657,0.170409072,omega3
Scarus ghobban,-1.611515143,0.309105551,0.492633895,-2.202340869,1,M1,0.104162209,0.056639167,0.193734889,omega3
Scarus rubroviolaceus,-1.611515143,0.057791123,-0.139888663,-0.302340869,1,M1,0.130925804,0.073588894,0.2270526,omega3
Siganus argenteus,-0.981515029,-0.501824665,0.938920998,-2.702340869,1,M1,0.11573431,0.055942411,0.205275036,omega3
Lethrinus nebulosus,0.188484857,0.275203999,-0.028663039,-0.764065869,1,M1,0.142582172,0.093851735,0.22964923,omega3
Acanthurus lineatus,-0.766060598,-0.55311796,1.275393217,-3.133353869,1,M1,0.107700326,0.048583479,0.198313151,omega3
Acanthurus tennentii,-1.611515143,-0.756716915,1.318222236,-1.535674203,1,M1,0.101505229,0.052623452,0.183961944,omega3
Siganus sutor,-1.611515143,-0.38404163,1.362226024,-2.702340869,1,M1,0.093491932,0.041515559,0.169792065,omega3
Cheilinus fasciatus,-0.241515143,-0.501824665,1.034231178,-1.022795415,1,M1,0.117318432,0.067254278,0.189227202,omega3
Lethrinus mahsena,-0.211515143,-0.01631685,-0.670516905,2.274714131,1,M1,0.172286391,0.071709535,0.307558684,omega3
Epinephelus merra,0.768484857,-0.756716915,0.715777447,-0.335674202,1,M1,0.147279718,0.087037237,0.232464238,omega3
Naso elegans,-1.611515143,-0.38404163,0.635380509,1.297659131,1,M1,0.112143824,0.048115965,0.201371907,omega3
Scarus falcipinnis,-1.611515143,-0.096359557,1.32999133,-1.202340869,1,M1,0.087354423,0.039887098,0.151147151,omega3
Scarus globiceps,-1.611515143,-0.894867253,1.32999133,-1.202340869,1,M1,0.103868771,0.050875574,0.183054512,omega3
Lethrinus lentjan,0.288484857,-0.239460401,1.261004494,-3.162694869,1,M1,0.111319733,0.046992255,0.209037488,omega3
Acanthurus triostegus,-0.811515143,-0.894867253,1.632068178,-3.427828969,1,M1,0.102928232,0.045535998,0.203308152,omega3
Cephalopholis miniata,0.688484857,-0.278681114,-0.575206735,1.897659131,1,M1,0.1942046,0.103782042,0.347329543,omega3
Cephalopholis urodeta,0.408484857,-0.858499609,1.961371926,-1.002340869,1,M1,0.099715981,0.037829616,0.181543763,omega3
Epinephelus coeruleopunctatus,0.558484857,0.140029221,0.080185888,-0.335674202,1,M1,0.146164944,0.096017288,0.230275547,omega3
Scarus viridifucatus,-1.611515143,-0.38404163,1.32999133,-1.202340869,1,M1,0.092846066,0.044825865,0.161441794,omega3
Epinephelus hexagonatus,0.438484857,-0.876518115,1.537757499,-0.335674202,1,M1,0.113404936,0.052513984,0.200291242,omega3
Lethrinus olivaceus,0.388484857,0.414466066,0.245773817,-1.654558869,1,M1,0.130871036,0.074744797,0.218985467,omega3
Lutjanus kasmira,0.288484857,-0.501824665,0.08089916,-0.895070869,1,M1,0.165217308,0.101419663,0.261591199,omega3
Lethrinus enigmaticus,0.218484781,-0.183370934,-0.271740795,0.116409131,1,M1,0.16918901,0.113406208,0.275260682,omega3
Lethrinus rubrioperculatus,0.188484857,-0.278681114,0.117940441,-0.956766869,1,M1,0.153749205,0.098854646,0.242564534,omega3
Diagramma pictum,0.088484857,0.414466066,0.221481137,-1.473211869,1,M1,0.127996466,0.080481206,0.213571851,omega3
Epinephelus fasciatus,0.480192585,-0.299619765,-0.851655864,1.257448123,0,M1,39.41856977,32.08231065,48.87798734,Ca
Hipposcarus harid,-1.219807415,0.328988894,-0.583391877,0.357448123,0,M1,33.98831337,27.35158485,42.86924196,Ca
Plectorhinchus vittatus,0.410192585,0.288166899,-0.851655864,1.357448123,0,M1,34.95563104,29.12592397,42.76089582,Ca
Lutjanus rivulatus,0.880192585,0.393527415,-0.325562768,-0.642551877,0,M1,33.12480479,27.5568323,40.42946304,Ca
Parupeneus trifasciatus,0.280192585,-0.433151158,0.194312691,-1.642551877,0,M1,36.87223546,31.22848648,44.62203454,Ca
Aethaloperca rogaa,0.980192585,0.105845343,-0.526233464,0.057448123,0,M1,35.58445528,29.49786266,43.55112208,Ca
Epinephelus tukula,0.980192585,1.309818147,-0.851655864,1.157448123,0,M1,28.64652106,21.75471758,38.81778217,Ca
Cheilinus trilobatus,0.680192585,-0.18183673,-0.472166242,0.057448123,0,M1,37.36567284,31.17871968,45.02748856,Ca
Lutjanus fulviflamma,0.580192585,-0.433151158,1.083204449,-2.642551877,0,M1,32.93812798,27.1273801,40.68023731,Ca
Lethrinus obsoletus,0.680192585,0.105845343,0.220980938,-1.642551877,0,M1,33.03398721,27.5021609,39.59001856,Ca
Parupeneus cyclostomus,0.980192585,-0.076476214,-0.120768356,-1.042551877,0,M1,35.59248536,29.4298856,43.13483812,Ca
Anyperodon leucogrammicus,0.680192585,0.18588805,-0.583391877,0.257448123,0,M1,35.16073276,29.36972298,42.31235835,Ca
Halichoeres scapularis,0.280192585,-0.992766946,0.710529164,-2.342551877,0,M1,38.72040436,31.42084192,48.90996784,Ca
Plectorhinchus schotaf,0.410192585,0.393527415,-0.777547892,0.957448123,0,M1,34.18772278,28.39830478,41.27354996,Ca
Lutjanus argentimaculatus,0.380192585,1.022136075,-0.472166242,-0.342551877,0,M1,29.67603744,23.67871879,37.24864244,Ca
Epinephelus spilotoceps,0.670192585,-0.433151158,-0.01540784,-1.142551877,0,M1,37.67704988,31.44665713,45.81852876,Ca
Macolor niger,0.780192585,0.328988894,-0.420872948,-0.342551877,0,M1,33.81091201,28.24636706,40.88273987,Ca
Parupeneus rubescens,0.280192585,-0.227299104,0.017381983,-1.342551877,0,M1,36.11843994,31.01043301,43.38193684,Ca
Epinephelus fasciatus,3.7,3.688879454,-2.040220829,4.8,0,M1,0.614899367,0.207535442,1.301116729,Fe
Hipposcarus harid,2,4.317488114,-1.771956842,3.9,0,M1,0.727025788,0.252236519,1.524232917,Fe
Plectorhinchus vittatus,3.63,4.276666119,-2.040220829,4.9,0,M1,0.636551853,0.189721539,1.438480841,Fe
Lutjanus rivulatus,4.1,4.382026635,-1.514127733,2.9,0,M1,0.642301976,0.192777633,1.485921088,Fe
Parupeneus trifasciatus,3.5,3.555348061,-0.994252273,1.9,0,M1,0.652545271,0.239767765,1.323846441,Fe
Aethaloperca rogaa,4.2,4.094344562,-1.714798428,3.6,0,M1,0.620621393,0.179382537,1.386855215,Fe
Epinephelus tukula,4.2,5.298317367,-2.040220829,4.7,0,M1,0.650183579,0.146505584,1.688052214,Fe
Cheilinus trilobatus,3.9,3.80666249,-1.660731207,3.6,0,M1,0.624255548,0.190040519,1.323047207,Fe
Lutjanus fulviflamma,3.8,3.555348061,-0.105360516,0.9,0,M1,0.653551383,0.228895819,1.44491272,Fe
Lethrinus obsoletus,3.9,4.094344562,-0.967584026,1.9,0,M1,0.652577925,0.207368917,1.46454646,Fe
Parupeneus cyclostomus,4.2,3.912023005,-1.30933332,2.5,0,M1,0.62729112,0.202785862,1.38776984,Fe
Anyperodon leucogrammicus,3.9,4.17438727,-1.771956842,3.8,0,M1,0.634047366,0.180249973,1.397641139,Fe
Halichoeres scapularis,3.5,2.995732274,-0.478035801,1.2,0,M1,0.642291261,0.258006846,1.261133118,Fe
Plectorhinchus schotaf,3.63,4.382026635,-1.966112856,4.5,0,M1,0.645524323,0.178125672,1.450434673,Fe
Lutjanus argentimaculatus,3.6,5.010635294,-1.660731207,3.2,0,M1,0.683490702,0.179260589,1.652371689,Fe
Epinephelus spilotoceps,3.89,3.555348061,-1.203972804,2.4,0,M1,0.62969008,0.224357697,1.312769638,Fe
Macolor niger,4,4.317488114,-1.609437912,3.2,0,M1,0.640575716,0.191836331,1.456276853,Fe
Parupeneus rubescens,3.5,3.761200116,-1.171182982,2.2,0,M1,0.655912954,0.214658086,1.342308729,Fe
Epinephelus fasciatus,0.270385935,-0.313021581,-0.940132038,1.317824158,0,M1,33.4632217,21.46360071,45.62334672,Se
Hipposcarus harid,-1.429614065,0.315587078,-0.671868052,0.417824158,0,M1,19.32098505,12.61203394,27.16513206,Se
Plectorhinchus vittatus,0.200385935,0.274765084,-0.940132038,1.417824158,0,M1,29.54945132,18.7698316,38.84997042,Se
Lutjanus rivulatus,0.670385935,0.380125599,-0.414038942,-0.582175842,0,M1,36.84399735,24.36078938,49.01771701,Se
Parupeneus trifasciatus,0.070385935,-0.446552974,0.105836517,-1.582175842,0,M1,34.84202423,24.51280676,45.06954303,Se
Aethaloperca rogaa,0.770385935,0.092443527,-0.614709638,0.117824158,0,M1,38.51915495,25.61352455,52.26802149,Se
Epinephelus tukula,0.770385935,1.296416331,-0.940132038,1.217824158,0,M1,30.21025753,17.31198586,44.16352671,Se
Cheilinus trilobatus,0.470385935,-0.195238546,-0.560642417,0.117824158,0,M1,36.44623316,24.63275308,48.29944326,Se
Lutjanus fulviflamma,0.370385935,-0.446552974,0.994728275,-2.582175842,0,M1,34.02578742,23.3558159,45.12537562,Se
Lethrinus obsoletus,0.470385935,0.092443527,0.132504764,-1.582175842,0,M1,35.62185453,24.84643521,46.56979478,Se
Parupeneus cyclostomus,0.770385935,-0.08987803,-0.20924453,-0.982175842,0,M1,40.65421835,26.90736441,53.99985697,Se
Anyperodon leucogrammicus,0.470385935,0.172486235,-0.671868052,0.317824158,0,M1,34.58396182,23.63369085,46.05286831,Se
Halichoeres scapularis,0.070385935,-1.006168762,0.622052989,-2.282175842,0,M1,36.25751281,24.03634735,48.06431011,Se
Plectorhinchus schotaf,0.200385935,0.380125599,-0.866024066,1.017824158,0,M1,29.90471215,20.15035935,39.83949918,Se
Lutjanus argentimaculatus,0.170385935,1.008734259,-0.560642417,-0.282175842,0,M1,28.87558754,19.07940588,39.33223876,Se
Epinephelus spilotoceps,0.460385935,-0.446552974,-0.103884014,-1.082175842,0,M1,38.8032881,26.10268646,50.75053703,Se
Macolor niger,0.570385935,0.315587078,-0.509349122,-0.282175842,0,M1,35.82654085,24.41158203,47.74728639,Se
Parupeneus rubescens,0.070385935,-0.24070092,-0.071094191,-1.282175842,0,M1,34.02667002,24.22815833,43.85590028,Se
Epinephelus fasciatus,0.285719496,-0.293413517,-0.951181542,1.295012566,0,M1,2.174478198,1.185042094,3.131763744,Zn
Hipposcarus harid,-1.414280504,0.335195142,-0.682917555,0.395012566,0,M1,1.843232039,1.100109976,2.610378161,Zn
Plectorhinchus vittatus,0.215719496,0.294373148,-0.951181542,1.395012566,0,M1,1.842085892,1.12308405,2.544670019,Zn
Lutjanus rivulatus,0.685719496,0.399733663,-0.425088446,-0.604987434,0,M1,1.302659619,0.81455662,1.808147716,Zn
Parupeneus trifasciatus,0.085719496,-0.42694491,0.094787014,-1.604987434,0,M1,1.463393187,0.951869891,2.041517284,Zn
Aethaloperca rogaa,0.785719496,0.112051591,-0.625759141,0.095012566,0,M1,1.55772477,0.967048997,2.138122288,Zn
Epinephelus tukula,0.785719496,1.316024395,-0.951181542,1.195012566,0,M1,1.245668601,0.649789488,1.972505297,Zn
Cheilinus trilobatus,0.485719496,-0.175630482,-0.57169192,0.095012566,0,M1,1.730151032,1.102689134,2.409810474,Zn
Lutjanus fulviflamma,0.385719496,-0.42694491,0.983678771,-2.604987434,0,M1,1.063233733,0.658372406,1.521243025,Zn
Lethrinus obsoletus,0.485719496,0.112051591,0.121455261,-1.604987434,0,M1,1.18280115,0.773279402,1.649965385,Zn
Parupeneus cyclostomus,0.785719496,-0.070269966,-0.220294033,-1.004987434,0,M1,1.381517231,0.8881057,1.920275325,Zn
Anyperodon leucogrammicus,0.485719496,0.192094299,-0.682917555,0.295012566,0,M1,1.60924178,1.026760481,2.204470095,Zn
Halichoeres scapularis,0.085719496,-0.986560698,0.611003486,-2.304987434,0,M1,1.456606254,0.836255253,2.156504387,Zn
Plectorhinchus schotaf,0.215719496,0.399733663,-0.877073569,0.995012566,0,M1,1.7020434,1.078481466,2.364423956,Zn
Lutjanus argentimaculatus,0.185719496,1.028342323,-0.57169192,-0.304987434,0,M1,1.185240894,0.691767452,1.776882669,Zn
Epinephelus spilotoceps,0.475719496,-0.42694491,-0.114933517,-1.104987434,0,M1,1.537950982,0.956838766,2.147437423,Zn
Macolor niger,0.585719496,0.335195142,-0.520398626,-0.304987434,0,M1,1.404444051,0.898926877,1.93614585,Zn
Parupeneus rubescens,0.085719496,-0.221092856,-0.082143695,-1.304987434,0,M1,1.46613079,0.969274237,2.012622313,Zn
Epinephelus fasciatus,0.502399481,-0.296040322,-0.870152993,1.312915394,0,M1,0.1694575,0.121411597,0.229378669,omega3
Hipposcarus harid,-1.197600519,0.332568338,-0.601889006,0.412915394,0,M1,0.12174064,0.083216985,0.168556502,omega3
Plectorhinchus vittatus,0.432399481,0.291746343,-0.870152993,1.412915394,0,M1,0.157007629,0.112437005,0.209206165,omega3
Lutjanus rivulatus,0.902399481,0.397106859,-0.344059897,-0.587084606,0,M1,0.152575859,0.110851558,0.205787938,omega3
Parupeneus trifasciatus,0.302399481,-0.429571714,0.175815563,-1.587084606,0,M1,0.148532584,0.110210711,0.196472943,omega3
Aethaloperca rogaa,1.002399481,0.109424786,-0.544730592,0.112915394,0,M1,0.164566864,0.117952014,0.220771369,omega3
Epinephelus tukula,1.002399481,1.313397591,-0.870152993,1.212915394,0,M1,0.149957542,0.102347717,0.213506093,omega3
Cheilinus trilobatus,0.702399481,-0.178257286,-0.490663371,0.112915394,0,M1,0.163179349,0.121106561,0.218444283,omega3
Lutjanus fulviflamma,0.602399481,-0.429571714,1.06470732,-2.587084606,0,M1,0.146837736,0.104752395,0.199189439,omega3
Lethrinus obsoletus,0.702399481,0.109424786,0.20248381,-1.587084606,0,M1,0.146742342,0.109805164,0.197660783,omega3
Parupeneus cyclostomus,1.002399481,-0.072896771,-0.139265484,-0.987084606,0,M1,0.160401764,0.117613422,0.216548804,omega3
Anyperodon leucogrammicus,0.702399481,0.189467494,-0.601889006,0.312915394,0,M1,0.15778235,0.114783825,0.20945128,omega3
Halichoeres scapularis,0.302399481,-0.989187502,0.692032035,-2.287084606,0,M1,0.153330726,0.109508504,0.206575285,omega3
Plectorhinchus schotaf,0.432399481,0.397106859,-0.79604502,1.012915394,0,M1,0.152941711,0.112117816,0.20504992,omega3
Lutjanus argentimaculatus,0.402399481,1.025715518,-0.490663371,-0.287084606,0,M1,0.135015018,0.09698274,0.183105398,omega3
Epinephelus spilotoceps,0.692399481,-0.429571714,-0.033904968,-1.087084606,0,M1,0.159811359,0.120070992,0.21535574,omega3
Macolor niger,0.802399481,0.332568338,-0.439370076,-0.287084606,0,M1,0.15368637,0.112837912,0.205938219,omega3
Parupeneus rubescens,0.302399481,-0.22371966,-0.001115146,-1.287084606,0,M1,0.14698064,0.109900626,0.193825474,omega3
